{
	"format_version": "1.8.0",
	"animations": {
		"quando.fermo.runnet": {
			"animation_length": 9.5833,
			"bones": {
				"testa": {
					"rotation": {
						"0.0": {
							"vector": [0, 0, 0]
						},
						"1.9167": {
							"vector": [17.5, 0, 0]
						},
						"3.8333": {
							"vector": [19.18246, -23.7695, -7.98205]
						},
						"3.9167": {
							"vector": [18.31654, -1.51719, -0.27905]
						},
						"5.5833": {
							"vector": [20.05494, 17.28154, 6.50666]
						},
						"5.6667": {
							"vector": [19.18891, -5.57628, -1.63282]
						},
						"7.6667": {
							"vector": [21.67413, 35.49178, 12.99301]
						},
						"9.5833": {
							"vector": [0, 0, 0]
						}
					},
					"position": {
						"0.0": {
							"vector": [0, 0, 0]
						},
						"1.9167": {
							"vector": [0, 0, -3]
						},
						"9.5833": {
							"vector": [0, 0, 0]
						}
					},
					"scale": {
						"0.0": {
							"vector": [1, 1, 1]
						},
						"9.5833": {
							"vector": [1, 1, 1]
						}
					}
				},
				"braccia": {
					"rotation": {
						"0.0": {
							"vector": [0, 0, 0]
						},
						"1.9167": {
							"vector": [5.85803, 4.55917, -31.04782]
						},
						"3.8333": {
							"vector": [26.55832, -9.74062, -32.52251]
						},
						"3.9167": {
							"vector": [50.93659, -10.36235, -32.58662]
						},
						"5.5": {
							"vector": [8.43659, -10.36235, -32.58662]
						},
						"7.6667": {
							"vector": [-1.34983, -8.22966, -33.90854]
						},
						"9.5833": {
							"vector": [0, 0, 0]
						}
					},
					"position": {
						"0.0": {
							"vector": [0, 0, 0]
						},
						"1.9167": {
							"vector": [0, 0, -4]
						},
						"9.5833": {
							"vector": [0, 0, 0]
						}
					},
					"scale": {
						"0.0": {
							"vector": [1, 1, 1]
						},
						"9.5833": {
							"vector": [1, 1, 1]
						}
					}
				},
				"corpo": {
					"rotation": {
						"0.0": {
							"vector": [0, 0, 0]
						},
						"1.9167": {
							"vector": [17.5, 0, 0]
						},
						"3.8333": {
							"vector": [17.64168, -7.15102, -2.26708]
						},
						"5.5": {
							"vector": [17.75313, 9.53274, 3.03513]
						},
						"5.9167": {
							"vector": [18.00471, 11.83091, 3.83709]
						},
						"6.0": {
							"vector": [18.83529, 20.83525, 6.93128]
						},
						"7.6667": {
							"vector": [18.29388, 16.66577, 5.41615]
						},
						"9.5833": {
							"vector": [0, 0, 0]
						}
					},
					"position": {
						"0.0": {
							"vector": [0, 0, 0]
						},
						"9.5833": {
							"vector": [0, 0, 0]
						}
					},
					"scale": {
						"0.0": {
							"vector": [1, 1, 1]
						},
						"9.5833": {
							"vector": [1, 1, 1]
						}
					}
				},
				"gambe": {
					"rotation": {
						"0.0": {
							"vector": [0, 0, 0]
						},
						"3.8333": {
							"vector": [0, 7.5, 0]
						},
						"5.5": {
							"vector": [0, 22.5, 0]
						},
						"7.6667": {
							"vector": [0, 30, 0]
						},
						"9.5833": {
							"vector": [0, 0, 0]
						}
					},
					"position": {
						"0.0": {
							"vector": [0, 0, 0]
						},
						"9.5833": {
							"vector": [0, 0, 0]
						}
					},
					"scale": {
						"0.0": {
							"vector": [1, 1, 1]
						},
						"9.5833": {
							"vector": [1, 1, 1]
						}
					}
				},
				"gambe2": {
					"rotation": {
						"0.0": {
							"vector": [0, 0, 0]
						},
						"3.8333": {
							"vector": [0, -17.5, 0]
						},
						"5.5": {
							"vector": [0, 5, 0]
						},
						"7.6667": {
							"vector": [0, 10, 0]
						},
						"9.5833": {
							"vector": [0, 0, 0]
						}
					},
					"position": {
						"0.0": {
							"vector": [0, 0, 0]
						},
						"9.5833": {
							"vector": [0, 0, 0]
						}
					},
					"scale": {
						"0.0": {
							"vector": [1, 1, 1]
						},
						"9.5833": {
							"vector": [1, 1, 1]
						}
					}
				},
				"braccia2": {
					"rotation": {
						"0.0": {
							"vector": [0, 0, 0]
						},
						"1.9167": {
							"vector": [-12.39667, -23.09195, 19.7021]
						},
						"2.0": {
							"vector": [0.8341, -3.92037, 15.80868]
						},
						"3.8333": {
							"vector": [-19.50233, -32.00164, 29.61135]
						},
						"5.5": {
							"vector": [36.06955, -25.64219, 7.91645]
						},
						"7.6667": {
							"vector": [24.80191, -21.56724, 11.0795]
						},
						"8.0": {
							"vector": [17.98854, -17.81642, 9.15263]
						},
						"8.0833": {
							"vector": [-3.46593, -16.53534, 19.1067]
						},
						"9.5833": {
							"vector": [0, 0, 0]
						}
					},
					"position": {
						"0.0": {
							"vector": [0, 0, 0]
						},
						"1.9167": {
							"vector": [0, 0, -3]
						},
						"9.5833": {
							"vector": [0, 0, 0]
						}
					},
					"scale": {
						"0.0": {
							"vector": [1, 1, 1]
						},
						"9.5833": {
							"vector": [1, 1, 1]
						}
					}
				}
			}
		},
		"quando.muove.runnet": {
			"loop": true,
			"animation_length": 3.75,
			"bones": {
				"testa": {
					"rotation": {
						"0.0": {
							"vector": [12.5, 0, 0]
						},
						"0.5417": {
							"vector": [10, 0, 0]
						},
						"0.75": {
							"vector": [11.13636, 0, 0]
						},
						"0.8333": {
							"vector": [11.68819, 7.3462, 1.51523]
						},
						"1.0": {
							"vector": [12.5, 0, 0]
						},
						"1.625": {
							"vector": [12.75955, -13.68585, -3.77896]
						},
						"1.6667": {
							"vector": [21.36655, 18.93199, 4.1606]
						},
						"1.7917": {
							"vector": [15, 0, 0]
						},
						"2.0833": {
							"vector": [11.25, 0, 0]
						},
						"2.375": {
							"vector": [7.5, 0, 0]
						},
						"3.1667": {
							"vector": [10.9295, 0.24083, 0.05336]
						},
						"3.25": {
							"vector": [3.68356, -7.27825, -0.43474]
						},
						"3.75": {
							"vector": [12.5, 0, 0]
						}
					},
					"position": {
						"vector": [0, 0, -2]
					},
					"scale": {
						"vector": [1, 1, 1]
					}
				},
				"braccia": {
					"rotation": {
						"0.0": {
							"vector": [-45, 0, 0]
						},
						"0.5417": {
							"vector": [-63.37648, 9.9206, -3.66397]
						},
						"1.0": {
							"vector": [-48.14971, 9.9206, -3.66397]
						},
						"1.7917": {
							"vector": [-58.8295, 1.00127, 11.47724]
						},
						"1.8333": {
							"vector": [-42.64516, 25.35294, -11.68505]
						},
						"1.875": {
							"vector": [-18.06682, 19.15866, -7.62447]
						},
						"2.375": {
							"vector": [-58.44231, 18.15638, -16.60164]
						},
						"2.4583": {
							"vector": [-22.91756, 9.31936, -3.44191]
						},
						"3.0417": {
							"vector": [-74.09995, 5.11061, -1.8875]
						},
						"3.75": {
							"vector": [-45, 0, 0]
						}
					},
					"position": {
						"vector": [0, 0, -2]
					}
				},
				"corpo": {
					"rotation": {
						"0.0": {
							"vector": [12.5, 0, 0]
						},
						"0.5417": {
							"vector": [10, 0, 0]
						},
						"1.0": {
							"vector": [12.5, 0, 0]
						},
						"1.7917": {
							"vector": [15, 0, 0]
						},
						"2.375": {
							"vector": [10, 0, 0]
						},
						"3.75": {
							"vector": [12.5, 0, 0]
						}
					},
					"position": {
						"vector": [0, 0, 0]
					}
				},
				"gambe": {
					"rotation": {
						"0.0": {
							"vector": [-37.5, 0, 0]
						},
						"0.5417": {
							"vector": [-5, 0, 0]
						},
						"1.0": {
							"vector": [37.5, 0, 0]
						},
						"1.4167": {
							"vector": [5, 0, 0]
						},
						"1.7917": {
							"vector": [-37.5, 0, 0]
						},
						"2.375": {
							"vector": [-2.5, 0, 0]
						},
						"3.0417": {
							"vector": [35.38, 0, 0]
						},
						"3.75": {
							"vector": [-37.5, 0, 0]
						}
					},
					"position": {
						"vector": [0, 0, 0]
					}
				},
				"gambe2": {
					"rotation": {
						"0.0": {
							"vector": [40, 0, 0]
						},
						"0.5417": {
							"vector": [2.5, 0, 0]
						},
						"1.0": {
							"vector": [-35, 0, 0]
						},
						"1.4167": {
							"vector": [-2.5, 0, 0]
						},
						"1.7917": {
							"vector": [36.02351, 2.7041, -6.99816]
						},